{"cameraMode":{"drawMode":0,"name":"Shaded","section":"Shading Mode"},"sceneLighting":true,"audioPlay":false,"sceneViewState":{"m_AlwaysRefresh":false,"showFog":true,"showSkybox":true,"showFlares":true,"showImageEffects":true,"showParticleSystems":true,"showVisualEffectGraphs":true,"m_FxEnabled":true},"in2DMode":false,"pivot":{"x":18.99325180053711,"y":16.429317474365236,"z":-5.074313163757324},"rotation":{"x":0.15928593277931214,"y":0.21176373958587647,"z":-0.034986935555934909,"w":0.963654100894928},"size":22.157957077026368,"orthographic":false}