{"cameraMode":{"drawMode":0,"name":"Shaded","section":"Shading Mode"},"sceneLighting":false,"audioPlay":false,"sceneViewState":{"m_AlwaysRefresh":false,"showFog":true,"showSkybox":false,"showFlares":true,"showImageEffects":true,"showParticleSystems":true,"showVisualEffectGraphs":true,"m_FxEnabled":true},"in2DMode":false,"pivot":{"x":2.119999885559082,"y":2.1500003337860109,"z":7.8082499504089359},"rotation":{"x":-0.009135366417467595,"y":0.9893127679824829,"z":-0.1271359920501709,"w":-0.07105430960655213},"size":6.923202991485596,"orthographic":false}