{"cameraMode":{"drawMode":0,"name":"Shaded","section":"Shading Mode"},"sceneLighting":false,"audioPlay":false,"sceneViewState":{"m_AlwaysRefresh":false,"showFog":true,"showSkybox":false,"showFlares":true,"showImageEffects":true,"showParticleSystems":true,"showVisualEffectGraphs":true,"m_FxEnabled":true},"in2DMode":false,"pivot":{"x":2.5599753856658937,"y":2.794055938720703,"z":11.524337768554688},"rotation":{"x":-0.22340960800647736,"y":-0.006730332504957914,"z":0.0015375767834484578,"w":-0.974731981754303},"size":2.7339742183685304,"orthographic":false}